code,name,industry,alpha,p_alpha,beta,ci_low,ci_up,R2
600036,招商银行,银行,0.0005410857390372605,0.024862176464340018,0.0017614989973592987,-0.02137158782719568,0.02489458582191428,1.4272547754989873e-05
600048,保利发展,地产,-0.0086745909065505,0.43557421429527665,0.45129003407510454,-0.6119579625610547,1.5145380307112637,0.0004525365861988151
600519,贵州茅台,白酒,3.194532782854734e-05,0.9581495032379703,-0.01953406095167915,-0.07797241574166701,0.03890429383830871,0.00027496648441660554
600900,长江电力,能源,-0.0001984800165864848,0.9382061407381251,-0.15069033392559467,-0.39625730080852944,0.09487663295734011,0.0009278408893961254
601318,中国平安,银行,-0.004561208712140994,0.40794459025555585,0.17248068269061406,-0.3543643204981876,0.6993256858794157,0.0002664925958055786
601633,长城汽车,汽车,-0.0001895395159394301,0.7355738367875353,-0.0241141790932568,-0.0779889085312312,0.029760550344717588,0.0004929135034384968
601899,紫金矿业,能源,-0.00011147632965708944,0.8451476766319879,0.044066060516546074,-0.01072362781609714,0.0988557488491893,0.0015897539063211008
603056,德邦物流,物流,-0.00026300509439794434,0.5769831762157562,-0.01864757298607259,-0.06390785109547995,0.02661270512333477,0.00041767534622150215
